{
  "policy": "ACT",
  "cube_start": [
    0.7443516268989547,
    -0.8630068775851197,
    0.38
  ],
  "steps": 88,
  "steps_to_grasp": 41,
  "steps_to_release": 87,
  "joint_trajectory": [
    [
      -1.5235181673644727,
      0.079949110068668,
      1.544721669042909,
      2.3766823207519936,
      1.4092750207811156,
      1.351417118927312
    ],
    [
      -1.5506943197898062,
      0.04858915158719457,
      1.5640495417940974,
      2.3220414577136896,
      1.4703238488975865,
      1.4615549984383147
    ],
    [
      -1.5680245090252134,
      0.04846567472039087,
      1.5825599480180719,
      2.3331714354849007,
      1.4697646504829107,
      1.4538758635336473
    ],
    [
      -1.581875606716559,
      0.04917606796854512,
      1.5967323895839796,
      2.343055182448656,
      1.4664537220213862,
      1.44325757919714
    ],
    [
      -1.5915392113494429,
      0.05113905920011241,
      1.608876895070117,
      2.352490207352038,
      1.4647879967975346,
      1.4351124865228266
    ],
    [
      -1.6005437321393838,
      0.053873360909924894,
      1.6200466318349651,
      2.3619695133739755,
      1.4630181057440863,
      1.427798573165271
    ],
    [
      -1.6119879168824545,
      0.056776384548082426,
      1.6318901058763862,
      2.371094939204787,
      1.460836001696264,
      1.4198102732712625
    ],
    [
      -1.6246232252629271,
      0.06078068532855552,
      1.6433258386834906,
      2.3793577691319365,
      1.459264744577803,
      1.410047749240099
    ],
    [
      -1.639944831145498,
      0.06643308018054483,
      1.6541100237616666,
      2.3870411567491656,
      1.4595759819508904,
      1.400461714963817
    ],
    [
      -1.6520415965550592,
      0.07087691142719121,
      1.663005743214243,
      2.393215444896339,
      1.4596834416404336,
      1.3914849099988214
    ],
    [
      -1.6652158343185102,
      0.07631063539341998,
      1.6741553157204594,
      2.401092312401004,
      1.4607996732328283,
      1.3816855452760066
    ],
    [
      -1.6692855755723741,
      0.07210147263603695,
      1.674320496679992,
      2.392631167092633,
      1.4573295912417796,
      1.375750343219754
    ],
    [
      -1.6821319659400311,
      0.07569515853299391,
      1.6848701698835846,
      2.3984147449160993,
      1.4571365306840693,
      1.3667635583472988
    ],
    [
      -1.6949897506119873,
      0.07989374054804177,
      1.6960603833588461,
      2.4047430928942646,
      1.4571490510711866,
      1.355673147685092
    ],
    [
      -1.7062723590142541,
      0.08513658780552902,
      1.7063297980330807,
      2.410746277451744,
      1.4581531627892703,
      1.3472315787725542
    ],
    [
      -1.720959538420181,
      0.09071407822101474,
      1.7188433607013547,
      2.4172874325329676,
      1.4604234653045909,
      1.3365556745637717
    ],
    [
      -1.7369071812708352,
      0.09671768577374884,
      1.731382287431928,
      2.423013050213256,
      1.462396123023229,
      1.3241129920876222
    ],
    [
      -1.751505123313506,
      0.10322860787533283,
      1.7422500794942692,
      2.428201038988976,
      1.4648350730295805,
      1.3123236464354315
    ],
    [
      -1.7632214800144137,
      0.11019816154473894,
      1.7532996272579968,
      2.4329898146042845,
      1.468099120949626,
      1.3025403376971907
    ],
    [
      -1.7743652197865414,
      0.11609794251093808,
      1.7636366834295218,
      2.4376451672287756,
      1.4701466467836033,
      1.2941988767311061
    ],
    [
      -1.7860499855072494,
      0.12316765434192023,
      1.7738482914675133,
      2.44189349831825,
      1.4738326406285127,
      1.2846354104059579
    ],
    [
      -1.784457405052037,
      0.1204992407264025,
      1.7694177385466512,
      2.440821248188339,
      1.4746657595834707,
      1.2811314492646835
    ],
    [
      -1.7968505381121966,
      0.12750474323686856,
      1.7787222317983993,
      2.444676711254804,
      1.478270053450859,
      1.2719298742648357
    ],
    [
      -1.8100171391804993,
      0.13467650822779653,
      1.7880250826749018,
      2.448206207631369,
      1.4826151086771429,
      1.2608049391907157
    ],
    [
      -1.8237241808386182,
      0.14399389682892494,
      1.7977828869967087,
      2.452222221882254,
      1.4883563607995773,
      1.249892797979455
    ],
    [
      -1.838129360216917,
      0.1535918348338705,
      1.80881716369037,
      2.4557473313878626,
      1.4955623109110627,
      1.2392316448819347
    ],
    [
      -1.8512393506374627,
      0.16384395569034993,
      1.8177459832130296,
      2.4581071449962577,
      1.5016990905036494,
      1.2284936544503822
    ],
    [
      -1.8630673131211415,
      0.17296828051552682,
      1.825236284636686,
      2.4598838705397528,
      1.507551394658039,
      1.2186042472979564
    ],
    [
      -1.8754117503554637,
      0.18496879393656496,
      1.834928773874899,
      2.4618718113875806,
      1.5154527086572136,
      1.2083075477822485
    ],
    [
      -1.8875322267739323,
      0.19492256350416914,
      1.8431030754845006,
      2.463592686366499,
      1.523279175009737,
      1.1978185681277056
    ],
    [
      -1.9014686407423556,
      0.20589734443310226,
      1.8514839186799152,
      2.464416177317408,
      1.5314477827758646,
      1.1879356238132006
    ],
    [
      -1.903490645231531,
      0.2043211067859323,
      1.8478836297286527,
      2.464829086120133,
      1.5340053163144995,
      1.1857873302005029
    ],
    [
      -1.9160668612675265,
      0.21647974048806784,
      1.8547220944032707,
      2.4659061037015704,
      1.5423301954969526,
      1.177583955641592
    ],
    [
      -1.9270522045096934,
      0.22858287750436945,
      1.8622271543465194,
      2.466678358730813,
      1.5511078017967854,
      1.16965511893111
    ],
    [
      -1.9379325020301108,
      0.24061512467083324,
      1.8695172784999103,
      2.4673464569389347,
      1.5614708826864314,
      1.161437199064319
    ],
    [
      -1.9526502367892116,
      0.25560019946202805,
      1.8759945351718175,
      2.4671690953685896,
      1.5734461526726413,
      1.150653238741561
    ],
    [
      -1.9668477589596058,
      0.27079410799955017,
      1.8820518446790784,
      2.4668423724124535,
      1.5854529705258145,
      1.1395209826541857
    ],
    [
      -1.979666491697337,
      0.2847729525476712,
      1.8879263766233825,
      2.4661301604340204,
      1.5960024537981363,
      1.1293779259572396
    ],
    [
      -1.989188787111555,
      0.2979703281715631,
      1.8913676611260435,
      2.4656659037666815,
      1.6057060110773937,
      1.1209336561942989
    ],
    [
      -1.9978692646930032,
      0.3080797499252568,
      1.8921819293703406,
      2.465642301949269,
      1.61150506198946,
      1.1135020760997536
    ],
    [
      -2.0043167308089425,
      0.3132197548891229,
      1.89395581184312,
      2.465073516859193,
      1.614515064401508,
      1.1088010978210745
    ],
    [
      -2.015888448815221,
      0.3162740468505234,
      1.8921202849333678,
      2.464586274723671,
      1.6156986471026809,
      1.1007560502480596
    ],
    [
      -2.006762553773531,
      0.3157897606135096,
      1.8989175882606029,
      2.464153795707653,
      1.6161132259528657,
      1.1133049272268654
    ],
    [
      -2.0038836360988794,
      0.31617738131064943,
      1.8986081507291592,
      2.4646113520251633,
      1.6160971701787181,
      1.1159770790395163
    ],
    [
      -2.002646861982253,
      0.3149885983476821,
      1.8973129837299885,
      2.465106942361971,
      1.6158215901901718,
      1.1156389259345376
    ],
    [
      -1.8955303834315194,
      0.205315392068393,
      1.7079979797728457,
      2.239925063503823,
      1.3819825158437915,
      1.1918085703600134
    ],
    [
      -1.6529881739263121,
      0.021828644511820983,
